Anvi086,Tue Sep 29 08:33:03 2026 +1000,added the"glow",added in some css and js to make the planets when tapped

Anvi086,Tue Sep 29 08:09:54 2026 +1000,editing the code,
Anvi086,Tue Sep 29 01:51:44 2026 +1000,added the code for the 4th prototype,
Anvi086,Mon Sep 28 17:49:09 2026 +1000,opened files for prototype 4,
Anvi086,Mon Sep 28 16:36:53 2026 +1000,added the basic code for the 2nd assignment,I added the main code for the 2nd assignment along with the short paragraphs explaining what the each prototype will entail

Anvi086,Tue Aug 18 17:34:59 2026 +1000,completed assignment 1,made changes to the code. added the images and text and gave them appropriate spacing. and finetuned the assignment

Anvi086,Thu Jul 30 10:51:14 2026 +1000,added basic structure to a1,Added basic sections to A1

Anvi086,Thu Jul 30 10:45:50 2026 +1000,init assignment 1,created the html page for the assignment and linked them together

Anvi086,Thu Jul 23 12:10:53 2026 +1000,work index init,we changed out the details and favicon for our own. we also linked in our own github.

Patrick McMahon,Thu Jul 16 11:20:02 2026 +1000,fixed assignment links,removed id refs so we can add pages

Patrick McMahon,Thu Jul 16 10:45:35 2026 +1000,change favicon and remove unnecessary sections,
hase,Fri Jun 5 13:00:32 2026 +1000,moved to flex in flex,grid wasn't quite cutting it so i moved to a nested flex situation for the main section. now hopefully should all work as intended

hase,Fri Jun 5 12:03:25 2026 +1000,more responsiveq,fixed grid issues of overflow. added a max width to text

hase,Fri Jun 5 11:10:13 2026 +1000,responsiveness,added in grid template for the four areas to shift based on screen width

hase,Fri Jun 5 09:14:59 2026 +1000,init,set up and linked basic files
